game_id,season,week,gameday,away_team,home_team,nfl_url,message
2000_01_ARI_NYG,2000,1,2000-09-03,ARI,NYG,https://www.nfl.com/games/cardinals-at-giants-2000-reg-1,no gamebook pdf link found
2000_01_BAL_PIT,2000,1,2000-09-03,BAL,PIT,https://www.nfl.com/games/ravens-at-steelers-2000-reg-1,no gamebook pdf link found
2000_01_CHI_MIN,2000,1,2000-09-03,CHI,MIN,https://www.nfl.com/games/bears-at-vikings-2000-reg-1,no gamebook pdf link found
2000_01_IND_KC,2000,1,2000-09-03,IND,KC,https://www.nfl.com/games/colts-at-chiefs-2000-reg-1,no gamebook pdf link found
2000_01_SEA_MIA,2000,1,2000-09-03,SEA,MIA,https://www.nfl.com/games/seahawks-at-dolphins-2000-reg-1,no gamebook pdf link found
2000_02_CHI_TB,2000,2,2000-09-10,CHI,TB,https://www.nfl.com/games/bears-at-buccaneers-2000-reg-2,no gamebook pdf link found
2000_02_GB_BUF,2000,2,2000-09-10,GB,BUF,https://www.nfl.com/games/packers-at-bills-2000-reg-2,no gamebook pdf link found
2000_02_MIA_MIN,2000,2,2000-09-10,MIA,MIN,https://www.nfl.com/games/dolphins-at-vikings-2000-reg-2,no gamebook pdf link found
2000_02_NO_SD,2000,2,2000-09-10,NO,SD,https://www.nfl.com/games/saints-at-chargers-2000-reg-2,no gamebook pdf link found
2000_03_BUF_NYJ,2000,3,2000-09-17,BUF,NYJ,https://www.nfl.com/games/bills-at-jets-2000-reg-3,no gamebook pdf link found
2000_03_PHI_GB,2000,3,2000-09-17,PHI,GB,https://www.nfl.com/games/eagles-at-packers-2000-reg-3,no gamebook pdf link found
2000_03_SD_KC,2000,3,2000-09-17,SD,KC,https://www.nfl.com/games/chargers-at-chiefs-2000-reg-3,no gamebook pdf link found
2000_03_TB_DET,2000,3,2000-09-17,TB,DET,https://www.nfl.com/games/buccaneers-at-lions-2000-reg-3,no gamebook pdf link found
2000_04_KC_DEN,2000,4,2000-09-24,KC,DEN,https://www.nfl.com/games/chiefs-at-broncos-2000-reg-4,no gamebook pdf link found
2000_04_NE_MIA,2000,4,2000-09-24,NE,MIA,https://www.nfl.com/games/patriots-at-dolphins-2000-reg-4,no gamebook pdf link found
2000_05_DAL_CAR,2000,5,2000-10-01,DAL,CAR,https://www.nfl.com/games/cowboys-at-panthers-2000-reg-5,no gamebook pdf link found
2000_05_NE_DEN,2000,5,2000-10-01,NE,DEN,https://www.nfl.com/games/patriots-at-broncos-2000-reg-5,no gamebook pdf link found
2000_05_PIT_JAX,2000,5,2000-10-01,PIT,JAX,https://www.nfl.com/games/steelers-at-jaguars-2000-reg-5,no gamebook pdf link found
2000_06_BUF_MIA,2000,6,2000-10-08,BUF,MIA,https://www.nfl.com/games/bills-at-dolphins-2000-reg-6,no gamebook pdf link found
2000_06_GB_DET,2000,6,2000-10-08,GB,DET,https://www.nfl.com/games/packers-at-lions-2000-reg-6,no gamebook pdf link found
2000_06_PIT_NYJ,2000,6,2000-10-08,PIT,NYJ,https://www.nfl.com/games/steelers-at-jets-2000-reg-6,no gamebook pdf link found
2000_06_SEA_CAR,2000,6,2000-10-08,SEA,CAR,https://www.nfl.com/games/seahawks-at-panthers-2000-reg-6,no gamebook pdf link found
2000_06_TB_MIN,2000,6,2000-10-09,TB,MIN,https://www.nfl.com/games/buccaneers-at-vikings-2000-reg-6,no gamebook pdf link found
2000_06_TEN_CIN,2000,6,2000-10-08,TEN,CIN,https://www.nfl.com/games/titans-at-bengals-2000-reg-6,no gamebook pdf link found
2000_07_BAL_WAS,2000,7,2000-10-15,BAL,WAS,https://www.nfl.com/games/ravens-at-redskins-2000-reg-7,no gamebook pdf link found
2000_07_CAR_NO,2000,7,2000-10-15,CAR,NO,https://www.nfl.com/games/panthers-at-saints-2000-reg-7,no gamebook pdf link found
2000_07_SD_BUF,2000,7,2000-10-15,SD,BUF,https://www.nfl.com/games/chargers-at-bills-2000-reg-7,no gamebook pdf link found
2000_07_SF_GB,2000,7,2000-10-15,SF,GB,https://www.nfl.com/games/49ers-at-packers-2000-reg-7,no gamebook pdf link found
2000_08_BUF_MIN,2000,8,2000-10-22,BUF,MIN,https://www.nfl.com/games/bills-at-vikings-2000-reg-8,no gamebook pdf link found
2000_08_CLE_PIT,2000,8,2000-10-22,CLE,PIT,https://www.nfl.com/games/browns-at-steelers-2000-reg-8,no gamebook pdf link found
2000_08_NE_IND,2000,8,2000-10-22,NE,IND,https://www.nfl.com/games/patriots-at-colts-2000-reg-8,no gamebook pdf link found
2000_08_WAS_JAX,2000,8,2000-10-22,WAS,JAX,https://www.nfl.com/games/redskins-at-jaguars-2000-reg-8,no gamebook pdf link found
2000_09_KC_SEA,2000,9,2000-10-29,KC,SEA,https://www.nfl.com/games/chiefs-at-seahawks-2000-reg-9,no gamebook pdf link found
2000_09_MIN_TB,2000,9,2000-10-29,MIN,TB,https://www.nfl.com/games/vikings-at-buccaneers-2000-reg-9,no gamebook pdf link found
2000_09_OAK_SD,2000,9,2000-10-29,OAK,SD,https://www.nfl.com/games/raiders-at-chargers-2000-reg-9,no gamebook pdf link found
2000_10_KC_OAK,2000,10,2000-11-05,KC,OAK,https://www.nfl.com/games/chiefs-at-raiders-2000-reg-10,no gamebook pdf link found
2000_10_PIT_TEN,2000,10,2000-11-05,PIT,TEN,https://www.nfl.com/games/steelers-at-titans-2000-reg-10,no gamebook pdf link found
2000_10_SD_SEA,2000,10,2000-11-05,SD,SEA,https://www.nfl.com/games/chargers-at-seahawks-2000-reg-10,no gamebook pdf link found
2000_11_ATL_DET,2000,11,2000-11-12,ATL,DET,https://www.nfl.com/games/falcons-at-lions-2000-reg-11,no gamebook pdf link found
2000_11_CHI_BUF,2000,11,2000-11-12,CHI,BUF,https://www.nfl.com/games/bears-at-bills-2000-reg-11,no gamebook pdf link found
2000_11_CIN_DAL,2000,11,2000-11-12,CIN,DAL,https://www.nfl.com/games/bengals-at-cowboys-2000-reg-11,no gamebook pdf link found
2000_11_GB_TB,2000,11,2000-11-12,GB,TB,https://www.nfl.com/games/packers-at-buccaneers-2000-reg-11,no gamebook pdf link found
2000_11_OAK_DEN,2000,11,2000-11-13,OAK,DEN,https://www.nfl.com/games/raiders-at-broncos-2000-reg-11,no gamebook pdf link found
2000_11_PHI_PIT,2000,11,2000-11-12,PHI,PIT,https://www.nfl.com/games/eagles-at-steelers-2000-reg-11,no gamebook pdf link found
2000_11_SEA_JAX,2000,11,2000-11-12,SEA,JAX,https://www.nfl.com/games/seahawks-at-jaguars-2000-reg-11,no gamebook pdf link found
2000_12_ARI_PHI,2000,12,2000-11-19,ARI,PHI,https://www.nfl.com/games/cardinals-at-eagles-2000-reg-12,no gamebook pdf link found
2000_12_ATL_SF,2000,12,2000-11-19,ATL,SF,https://www.nfl.com/games/falcons-at-49ers-2000-reg-12,no gamebook pdf link found
2000_12_CAR_MIN,2000,12,2000-11-19,CAR,MIN,https://www.nfl.com/games/panthers-at-vikings-2000-reg-12,no gamebook pdf link found
2000_12_DAL_BAL,2000,12,2000-11-19,DAL,BAL,https://www.nfl.com/games/cowboys-at-ravens-2000-reg-12,no gamebook pdf link found
2000_12_DET_NYG,2000,12,2000-11-19,DET,NYG,https://www.nfl.com/games/lions-at-giants-2000-reg-12,no gamebook pdf link found
2000_12_IND_GB,2000,12,2000-11-19,IND,GB,https://www.nfl.com/games/colts-at-packers-2000-reg-12,no gamebook pdf link found
2000_12_OAK_NO,2000,12,2000-11-19,OAK,NO,https://www.nfl.com/games/raiders-at-saints-2000-reg-12,no gamebook pdf link found
2000_12_SD_DEN,2000,12,2000-11-19,SD,DEN,https://www.nfl.com/games/chargers-at-broncos-2000-reg-12,no gamebook pdf link found
2000_12_TB_CHI,2000,12,2000-11-19,TB,CHI,https://www.nfl.com/games/buccaneers-at-bears-2000-reg-12,no gamebook pdf link found
2000_13_CHI_NYJ,2000,13,2000-11-26,CHI,NYJ,https://www.nfl.com/games/bears-at-jets-2000-reg-13,no gamebook pdf link found
2000_13_DEN_SEA,2000,13,2000-11-26,DEN,SEA,https://www.nfl.com/games/broncos-at-seahawks-2000-reg-13,no gamebook pdf link found
2000_13_KC_SD,2000,13,2000-11-26,KC,SD,https://www.nfl.com/games/chiefs-at-chargers-2000-reg-13,no gamebook pdf link found
2000_13_MIA_IND,2000,13,2000-11-26,MIA,IND,https://www.nfl.com/games/dolphins-at-colts-2000-reg-13,no gamebook pdf link found
2000_13_MIN_DAL,2000,13,2000-11-23,MIN,DAL,https://www.nfl.com/games/vikings-at-cowboys-2000-reg-13,no gamebook pdf link found
2000_13_NO_STL,2000,13,2000-11-26,NO,STL,https://www.nfl.com/games/saints-at-rams-2000-reg-13,no gamebook pdf link found
2000_13_PHI_WAS,2000,13,2000-11-26,PHI,WAS,https://www.nfl.com/games/eagles-at-redskins-2000-reg-13,no gamebook pdf link found
2000_14_ARI_CIN,2000,14,2000-12-03,ARI,CIN,https://www.nfl.com/games/cardinals-at-bengals-2000-reg-14,no gamebook pdf link found
2000_14_DEN_NO,2000,14,2000-12-03,DEN,NO,https://www.nfl.com/games/broncos-at-saints-2000-reg-14,no gamebook pdf link found
2000_14_KC_NE,2000,14,2000-12-04,KC,NE,https://www.nfl.com/games/chiefs-at-patriots-2000-reg-14,no gamebook pdf link found
2000_14_MIA_BUF,2000,14,2000-12-03,MIA,BUF,https://www.nfl.com/games/dolphins-at-bills-2000-reg-14,no gamebook pdf link found
2000_14_SEA_ATL,2000,14,2000-12-03,SEA,ATL,https://www.nfl.com/games/seahawks-at-falcons-2000-reg-14,no gamebook pdf link found
2000_14_SF_SD,2000,14,2000-12-03,SF,SD,https://www.nfl.com/games/49ers-at-chargers-2000-reg-14,no gamebook pdf link found
2000_14_STL_CAR,2000,14,2000-12-03,STL,CAR,https://www.nfl.com/games/rams-at-panthers-2000-reg-14,no gamebook pdf link found
2000_14_TEN_PHI,2000,14,2000-12-03,TEN,PHI,https://www.nfl.com/games/titans-at-eagles-2000-reg-14,no gamebook pdf link found
2000_15_DET_GB,2000,15,2000-12-10,DET,GB,https://www.nfl.com/games/lions-at-packers-2000-reg-15,no gamebook pdf link found
2000_15_NYJ_OAK,2000,15,2000-12-10,NYJ,OAK,https://www.nfl.com/games/jets-at-raiders-2000-reg-15,no gamebook pdf link found
2000_15_PIT_NYG,2000,15,2000-12-10,PIT,NYG,https://www.nfl.com/games/steelers-at-giants-2000-reg-15,no gamebook pdf link found
2000_15_SEA_DEN,2000,15,2000-12-10,SEA,DEN,https://www.nfl.com/games/seahawks-at-broncos-2000-reg-15,no gamebook pdf link found
2000_15_TB_MIA,2000,15,2000-12-10,TB,MIA,https://www.nfl.com/games/buccaneers-at-dolphins-2000-reg-15,no gamebook pdf link found
2000_15_WAS_DAL,2000,15,2000-12-10,WAS,DAL,https://www.nfl.com/games/redskins-at-cowboys-2000-reg-15,no gamebook pdf link found
2000_16_BAL_ARI,2000,16,2000-12-17,BAL,ARI,https://www.nfl.com/games/ravens-at-cardinals-2000-reg-16,no gamebook pdf link found
2000_16_DEN_KC,2000,16,2000-12-17,DEN,KC,https://www.nfl.com/games/broncos-at-chiefs-2000-reg-16,no gamebook pdf link found
2000_16_DET_NYJ,2000,16,2000-12-17,DET,NYJ,https://www.nfl.com/games/lions-at-jets-2000-reg-16,no gamebook pdf link found
2000_16_OAK_SEA,2000,16,2000-12-16,OAK,SEA,https://www.nfl.com/games/raiders-at-seahawks-2000-reg-16,no gamebook pdf link found
2000_16_STL_TB,2000,16,2000-12-18,STL,TB,https://www.nfl.com/games/rams-at-buccaneers-2000-reg-16,no gamebook pdf link found
2000_17_ARI_WAS,2000,17,2000-12-24,ARI,WAS,https://www.nfl.com/games/cardinals-at-redskins-2000-reg-17,no gamebook pdf link found
2000_17_BUF_SEA,2000,17,2000-12-23,BUF,SEA,https://www.nfl.com/games/bills-at-seahawks-2000-reg-17,no gamebook pdf link found
2000_17_CIN_PHI,2000,17,2000-12-24,CIN,PHI,https://www.nfl.com/games/bengals-at-eagles-2000-reg-17,no gamebook pdf link found
2000_17_JAX_NYG,2000,17,2000-12-23,JAX,NYG,https://www.nfl.com/games/jaguars-at-giants-2000-reg-17,no gamebook pdf link found
2000_17_MIA_NE,2000,17,2000-12-24,MIA,NE,https://www.nfl.com/games/dolphins-at-patriots-2000-reg-17,no gamebook pdf link found
2000_17_NYJ_BAL,2000,17,2000-12-24,NYJ,BAL,https://www.nfl.com/games/jets-at-ravens-2000-reg-17,no gamebook pdf link found
2000_17_PIT_SD,2000,17,2000-12-24,PIT,SD,https://www.nfl.com/games/steelers-at-chargers-2000-reg-17,no gamebook pdf link found
2000_17_SF_DEN,2000,17,2000-12-23,SF,DEN,https://www.nfl.com/games/49ers-at-broncos-2000-reg-17,no gamebook pdf link found
2000_17_STL_NO,2000,17,2000-12-24,STL,NO,https://www.nfl.com/games/rams-at-saints-2000-reg-17,no gamebook pdf link found
2000_17_TB_GB,2000,17,2000-12-24,TB,GB,https://www.nfl.com/games/buccaneers-at-packers-2000-reg-17,no gamebook pdf link found
2001_01_ATL_SF,2001,1,2001-09-09,ATL,SF,https://www.nfl.com/games/falcons-at-49ers-2001-reg-1,no gamebook pdf link found
2001_01_CAR_MIN,2001,1,2001-09-09,CAR,MIN,https://www.nfl.com/games/panthers-at-vikings-2001-reg-1,no gamebook pdf link found
2001_01_CHI_BAL,2001,1,2001-09-09,CHI,BAL,https://www.nfl.com/games/bears-at-ravens-2001-reg-1,no gamebook pdf link found
2001_01_DET_GB,2001,1,2001-09-09,DET,GB,https://www.nfl.com/games/lions-at-packers-2001-reg-1,no gamebook pdf link found
2001_01_IND_NYJ,2001,1,2001-09-09,IND,NYJ,https://www.nfl.com/games/colts-at-jets-2001-reg-1,no gamebook pdf link found
2001_01_NE_CIN,2001,1,2001-09-09,NE,CIN,https://www.nfl.com/games/patriots-at-bengals-2001-reg-1,no gamebook pdf link found
2001_01_NO_BUF,2001,1,2001-09-09,NO,BUF,https://www.nfl.com/games/saints-at-bills-2001-reg-1,no gamebook pdf link found
2001_01_NYG_DEN,2001,1,2001-09-10,NYG,DEN,https://www.nfl.com/games/giants-at-broncos-2001-reg-1,no gamebook pdf link found
2001_01_OAK_KC,2001,1,2001-09-09,OAK,KC,https://www.nfl.com/games/raiders-at-chiefs-2001-reg-1,no gamebook pdf link found
2001_01_PIT_JAX,2001,1,2001-09-09,PIT,JAX,https://www.nfl.com/games/steelers-at-jaguars-2001-reg-1,no gamebook pdf link found
2001_01_TB_DAL,2001,1,2001-09-09,TB,DAL,https://www.nfl.com/games/buccaneers-at-cowboys-2001-reg-1,no gamebook pdf link found
2001_02_DET_CLE,2001,2,2001-09-23,DET,CLE,https://www.nfl.com/games/lions-at-browns-2001-reg-2,no gamebook pdf link found
2001_02_MIN_CHI,2001,2,2001-09-23,MIN,CHI,https://www.nfl.com/games/vikings-at-bears-2001-reg-2,no gamebook pdf link found
2001_02_NYG_KC,2001,2,2001-09-23,NYG,KC,https://www.nfl.com/games/giants-at-chiefs-2001-reg-2,no gamebook pdf link found
2001_02_NYJ_NE,2001,2,2001-09-23,NYJ,NE,https://www.nfl.com/games/jets-at-patriots-2001-reg-2,no gamebook pdf link found
2001_02_OAK_MIA,2001,2,2001-09-23,OAK,MIA,https://www.nfl.com/games/raiders-at-dolphins-2001-reg-2,no gamebook pdf link found
2001_02_PHI_SEA,2001,2,2001-09-23,PHI,SEA,https://www.nfl.com/games/eagles-at-seahawks-2001-reg-2,no gamebook pdf link found
2001_02_TEN_JAX,2001,2,2001-09-23,TEN,JAX,https://www.nfl.com/games/titans-at-jaguars-2001-reg-2,no gamebook pdf link found
2001_02_WAS_GB,2001,2,2001-09-24,WAS,GB,https://www.nfl.com/games/redskins-at-packers-2001-reg-2,no gamebook pdf link found
2001_03_CLE_JAX,2001,3,2001-09-30,CLE,JAX,https://www.nfl.com/games/browns-at-jaguars-2001-reg-3,no gamebook pdf link found
2001_03_DAL_PHI,2001,3,2001-09-30,DAL,PHI,https://www.nfl.com/games/cowboys-at-eagles-2001-reg-3,no gamebook pdf link found
2001_03_GB_CAR,2001,3,2001-09-30,GB,CAR,https://www.nfl.com/games/packers-at-panthers-2001-reg-3,no gamebook pdf link found
2001_03_KC_WAS,2001,3,2001-09-30,KC,WAS,https://www.nfl.com/games/chiefs-at-redskins-2001-reg-3,no gamebook pdf link found
2001_03_MIA_STL,2001,3,2001-09-30,MIA,STL,https://www.nfl.com/games/dolphins-at-rams-2001-reg-3,no gamebook pdf link found
2001_03_NO_NYG,2001,3,2001-09-30,NO,NYG,https://www.nfl.com/games/saints-at-giants-2001-reg-3,no gamebook pdf link found
2001_03_SF_NYJ,2001,3,2001-10-01,SF,NYJ,https://www.nfl.com/games/49ers-at-jets-2001-reg-3,no gamebook pdf link found
2001_04_ARI_PHI,2001,4,2001-10-07,ARI,PHI,https://www.nfl.com/games/cardinals-at-eagles-2001-reg-4,no gamebook pdf link found
2001_04_CHI_ATL,2001,4,2001-10-07,CHI,ATL,https://www.nfl.com/games/bears-at-falcons-2001-reg-4,no gamebook pdf link found
2001_04_DAL_OAK,2001,4,2001-10-07,DAL,OAK,https://www.nfl.com/games/cowboys-at-raiders-2001-reg-4,no gamebook pdf link found
2001_04_JAX_SEA,2001,4,2001-10-07,JAX,SEA,https://www.nfl.com/games/jaguars-at-seahawks-2001-reg-4,no gamebook pdf link found
2001_04_KC_DEN,2001,4,2001-10-07,KC,DEN,https://www.nfl.com/games/chiefs-at-broncos-2001-reg-4,no gamebook pdf link found
2001_04_MIN_NO,2001,4,2001-10-07,MIN,NO,https://www.nfl.com/games/vikings-at-saints-2001-reg-4,no gamebook pdf link found
2001_04_NE_MIA,2001,4,2001-10-07,NE,MIA,https://www.nfl.com/games/patriots-at-dolphins-2001-reg-4,no gamebook pdf link found
2001_04_NYJ_BUF,2001,4,2001-10-07,NYJ,BUF,https://www.nfl.com/games/jets-at-bills-2001-reg-4,no gamebook pdf link found
2001_04_SD_CLE,2001,4,2001-10-07,SD,CLE,https://www.nfl.com/games/chargers-at-browns-2001-reg-4,no gamebook pdf link found
2001_04_TEN_BAL,2001,4,2001-10-07,TEN,BAL,https://www.nfl.com/games/titans-at-ravens-2001-reg-4,no gamebook pdf link found
2001_04_WAS_NYG,2001,4,2001-10-07,WAS,NYG,https://www.nfl.com/games/redskins-at-giants-2001-reg-4,no gamebook pdf link found
2001_05_ARI_CHI,2001,5,2001-10-14,ARI,CHI,https://www.nfl.com/games/cardinals-at-bears-2001-reg-5,no gamebook pdf link found
2001_05_CLE_CIN,2001,5,2001-10-14,CLE,CIN,https://www.nfl.com/games/browns-at-bengals-2001-reg-5,no gamebook pdf link found
2001_05_DEN_SEA,2001,5,2001-10-14,DEN,SEA,https://www.nfl.com/games/broncos-at-seahawks-2001-reg-5,no gamebook pdf link found
2001_05_DET_MIN,2001,5,2001-10-14,DET,MIN,https://www.nfl.com/games/lions-at-vikings-2001-reg-5,no gamebook pdf link found
2001_05_MIA_NYJ,2001,5,2001-10-14,MIA,NYJ,https://www.nfl.com/games/dolphins-at-jets-2001-reg-5,no gamebook pdf link found
2001_05_NO_CAR,2001,5,2001-10-14,NO,CAR,https://www.nfl.com/games/saints-at-panthers-2001-reg-5,no gamebook pdf link found
2001_05_NYG_STL,2001,5,2001-10-14,NYG,STL,https://www.nfl.com/games/giants-at-rams-2001-reg-5,no gamebook pdf link found
2001_05_PIT_KC,2001,5,2001-10-14,PIT,KC,https://www.nfl.com/games/steelers-at-chiefs-2001-reg-5,no gamebook pdf link found
2001_05_SF_ATL,2001,5,2001-10-14,SF,ATL,https://www.nfl.com/games/49ers-at-falcons-2001-reg-5,no gamebook pdf link found
2001_05_WAS_DAL,2001,5,2001-10-15,WAS,DAL,https://www.nfl.com/games/redskins-at-cowboys-2001-reg-5,no gamebook pdf link found
2001_06_ATL_NO,2001,6,2001-10-21,ATL,NO,https://www.nfl.com/games/falcons-at-saints-2001-reg-6,no gamebook pdf link found
2001_06_BAL_CLE,2001,6,2001-10-21,BAL,CLE,https://www.nfl.com/games/ravens-at-browns-2001-reg-6,no gamebook pdf link found
2001_06_CAR_WAS,2001,6,2001-10-21,CAR,WAS,https://www.nfl.com/games/panthers-at-redskins-2001-reg-6,no gamebook pdf link found
2001_06_CHI_CIN,2001,6,2001-10-21,CHI,CIN,https://www.nfl.com/games/bears-at-bengals-2001-reg-6,no gamebook pdf link found
2001_06_DEN_SD,2001,6,2001-10-21,DEN,SD,https://www.nfl.com/games/broncos-at-chargers-2001-reg-6,no gamebook pdf link found
2001_06_GB_MIN,2001,6,2001-10-21,GB,MIN,https://www.nfl.com/games/packers-at-vikings-2001-reg-6,no gamebook pdf link found
2001_06_PHI_NYG,2001,6,2001-10-22,PHI,NYG,https://www.nfl.com/games/eagles-at-giants-2001-reg-6,no gamebook pdf link found
2001_06_STL_NYJ,2001,6,2001-10-21,STL,NYJ,https://www.nfl.com/games/rams-at-jets-2001-reg-6,no gamebook pdf link found
2001_06_TEN_DET,2001,6,2001-10-21,TEN,DET,https://www.nfl.com/games/titans-at-lions-2001-reg-6,no gamebook pdf link found
2001_07_BUF_SD,2001,7,2001-10-28,BUF,SD,https://www.nfl.com/games/bills-at-chargers-2001-reg-7,no gamebook pdf link found
2001_07_CIN_DET,2001,7,2001-10-28,CIN,DET,https://www.nfl.com/games/bengals-at-lions-2001-reg-7,no gamebook pdf link found
2001_07_IND_KC,2001,7,2001-10-25,IND,KC,https://www.nfl.com/games/colts-at-chiefs-2001-reg-7,no gamebook pdf link found
2001_07_JAX_BAL,2001,7,2001-10-28,JAX,BAL,https://www.nfl.com/games/jaguars-at-ravens-2001-reg-7,no gamebook pdf link found
2001_07_MIA_SEA,2001,7,2001-10-28,MIA,SEA,https://www.nfl.com/games/dolphins-at-seahawks-2001-reg-7,no gamebook pdf link found
2001_07_MIN_TB,2001,7,2001-10-28,MIN,TB,https://www.nfl.com/games/vikings-at-buccaneers-2001-reg-7,no gamebook pdf link found
2001_07_NE_DEN,2001,7,2001-10-28,NE,DEN,https://www.nfl.com/games/patriots-at-broncos-2001-reg-7,no gamebook pdf link found
2001_07_NYG_WAS,2001,7,2001-10-28,NYG,WAS,https://www.nfl.com/games/giants-at-redskins-2001-reg-7,no gamebook pdf link found
2001_07_NYJ_CAR,2001,7,2001-10-28,NYJ,CAR,https://www.nfl.com/games/jets-at-panthers-2001-reg-7,no gamebook pdf link found
2001_07_OAK_PHI,2001,7,2001-10-28,OAK,PHI,https://www.nfl.com/games/raiders-at-eagles-2001-reg-7,no gamebook pdf link found
2001_08_CAR_MIA,2001,8,2001-11-04,CAR,MIA,https://www.nfl.com/games/panthers-at-dolphins-2001-reg-8,no gamebook pdf link found
2001_08_CLE_CHI,2001,8,2001-11-04,CLE,CHI,https://www.nfl.com/games/browns-at-bears-2001-reg-8,no gamebook pdf link found
2001_08_DAL_NYG,2001,8,2001-11-04,DAL,NYG,https://www.nfl.com/games/cowboys-at-giants-2001-reg-8,no gamebook pdf link found
2001_08_DET_SF,2001,8,2001-11-04,DET,SF,https://www.nfl.com/games/lions-at-49ers-2001-reg-8,no gamebook pdf link found
2001_08_NYJ_NO,2001,8,2001-11-04,NYJ,NO,https://www.nfl.com/games/jets-at-saints-2001-reg-8,no gamebook pdf link found
2001_08_PHI_ARI,2001,8,2001-11-04,PHI,ARI,https://www.nfl.com/games/eagles-at-cardinals-2001-reg-8,no gamebook pdf link found
2001_09_CAR_STL,2001,9,2001-11-11,CAR,STL,https://www.nfl.com/games/panthers-at-rams-2001-reg-9,no gamebook pdf link found
2001_09_CIN_JAX,2001,9,2001-11-11,CIN,JAX,https://www.nfl.com/games/bengals-at-jaguars-2001-reg-9,no gamebook pdf link found
2001_09_GB_CHI,2001,9,2001-11-11,GB,CHI,https://www.nfl.com/games/packers-at-bears-2001-reg-9,no gamebook pdf link found
2001_09_MIA_IND,2001,9,2001-11-11,MIA,IND,https://www.nfl.com/games/dolphins-at-colts-2001-reg-9,no gamebook pdf link found
2001_09_NYG_ARI,2001,9,2001-11-11,NYG,ARI,https://www.nfl.com/games/giants-at-cardinals-2001-reg-9,no gamebook pdf link found
2001_09_OAK_SEA,2001,9,2001-11-11,OAK,SEA,https://www.nfl.com/games/raiders-at-seahawks-2001-reg-9,no gamebook pdf link found
2001_09_PIT_CLE,2001,9,2001-11-11,PIT,CLE,https://www.nfl.com/games/steelers-at-browns-2001-reg-9,no gamebook pdf link found
2001_09_TB_DET,2001,9,2001-11-11,TB,DET,https://www.nfl.com/games/buccaneers-at-lions-2001-reg-9,no gamebook pdf link found
2001_10_ATL_GB,2001,10,2001-11-18,ATL,GB,https://www.nfl.com/games/falcons-at-packers-2001-reg-10,no gamebook pdf link found
2001_10_CHI_TB,2001,10,2001-11-18,CHI,TB,https://www.nfl.com/games/bears-at-buccaneers-2001-reg-10,no gamebook pdf link found
2001_10_CLE_BAL,2001,10,2001-11-18,CLE,BAL,https://www.nfl.com/games/browns-at-ravens-2001-reg-10,no gamebook pdf link found
2001_10_DET_ARI,2001,10,2001-11-18,DET,ARI,https://www.nfl.com/games/lions-at-cardinals-2001-reg-10,no gamebook pdf link found
2001_10_IND_NO,2001,10,2001-11-18,IND,NO,https://www.nfl.com/games/colts-at-saints-2001-reg-10,no gamebook pdf link found
2001_10_JAX_PIT,2001,10,2001-11-18,JAX,PIT,https://www.nfl.com/games/jaguars-at-steelers-2001-reg-10,no gamebook pdf link found
2001_10_NYG_MIN,2001,10,2001-11-19,NYG,MIN,https://www.nfl.com/games/giants-at-vikings-2001-reg-10,no gamebook pdf link found
2001_10_NYJ_MIA,2001,10,2001-11-18,NYJ,MIA,https://www.nfl.com/games/jets-at-dolphins-2001-reg-10,no gamebook pdf link found
2001_10_PHI_DAL,2001,10,2001-11-18,PHI,DAL,https://www.nfl.com/games/eagles-at-cowboys-2001-reg-10,no gamebook pdf link found
2001_10_SD_OAK,2001,10,2001-11-18,SD,OAK,https://www.nfl.com/games/chargers-at-raiders-2001-reg-10,no gamebook pdf link found
2001_10_SEA_BUF,2001,10,2001-11-18,SEA,BUF,https://www.nfl.com/games/seahawks-at-bills-2001-reg-10,no gamebook pdf link found
2001_10_SF_CAR,2001,10,2001-11-18,SF,CAR,https://www.nfl.com/games/49ers-at-panthers-2001-reg-10,no gamebook pdf link found
2001_10_TEN_CIN,2001,10,2001-11-18,TEN,CIN,https://www.nfl.com/games/titans-at-bengals-2001-reg-10,no gamebook pdf link found
2001_11_ARI_SD,2001,11,2001-11-25,ARI,SD,https://www.nfl.com/games/cardinals-at-chargers-2001-reg-11,no gamebook pdf link found
2001_11_ATL_CAR,2001,11,2001-11-25,ATL,CAR,https://www.nfl.com/games/falcons-at-panthers-2001-reg-11,no gamebook pdf link found
2001_11_BAL_JAX,2001,11,2001-11-25,BAL,JAX,https://www.nfl.com/games/ravens-at-jaguars-2001-reg-11,no gamebook pdf link found
2001_11_CHI_MIN,2001,11,2001-11-25,CHI,MIN,https://www.nfl.com/games/bears-at-vikings-2001-reg-11,no gamebook pdf link found
2001_11_GB_DET,2001,11,2001-11-22,GB,DET,https://www.nfl.com/games/packers-at-lions-2001-reg-11,no gamebook pdf link found
2001_11_MIA_BUF,2001,11,2001-11-25,MIA,BUF,https://www.nfl.com/games/dolphins-at-bills-2001-reg-11,no gamebook pdf link found
2001_11_NO_NE,2001,11,2001-11-25,NO,NE,https://www.nfl.com/games/saints-at-patriots-2001-reg-11,no gamebook pdf link found
2001_11_PIT_TEN,2001,11,2001-11-25,PIT,TEN,https://www.nfl.com/games/steelers-at-titans-2001-reg-11,no gamebook pdf link found
2001_11_SEA_KC,2001,11,2001-11-25,SEA,KC,https://www.nfl.com/games/seahawks-at-chiefs-2001-reg-11,no gamebook pdf link found
2001_11_SF_IND,2001,11,2001-11-25,SF,IND,https://www.nfl.com/games/49ers-at-colts-2001-reg-11,no gamebook pdf link found
2001_11_TB_STL,2001,11,2001-11-26,TB,STL,https://www.nfl.com/games/buccaneers-at-rams-2001-reg-11,no gamebook pdf link found
2001_12_ARI_OAK,2001,12,2001-12-02,ARI,OAK,https://www.nfl.com/games/cardinals-at-raiders-2001-reg-12,no gamebook pdf link found
2001_12_BUF_SF,2001,12,2001-12-02,BUF,SF,https://www.nfl.com/games/bills-at-49ers-2001-reg-12,no gamebook pdf link found
2001_12_CAR_NO,2001,12,2001-12-02,CAR,NO,https://www.nfl.com/games/panthers-at-saints-2001-reg-12,no gamebook pdf link found
2001_12_DAL_WAS,2001,12,2001-12-02,DAL,WAS,https://www.nfl.com/games/cowboys-at-redskins-2001-reg-12,no gamebook pdf link found
2001_12_DEN_MIA,2001,12,2001-12-02,DEN,MIA,https://www.nfl.com/games/broncos-at-dolphins-2001-reg-12,no gamebook pdf link found
2001_12_GB_JAX,2001,12,2001-12-03,GB,JAX,https://www.nfl.com/games/packers-at-jaguars-2001-reg-12,no gamebook pdf link found
2001_12_IND_BAL,2001,12,2001-12-02,IND,BAL,https://www.nfl.com/games/colts-at-ravens-2001-reg-12,no gamebook pdf link found
2001_12_NE_NYJ,2001,12,2001-12-02,NE,NYJ,https://www.nfl.com/games/patriots-at-jets-2001-reg-12,no gamebook pdf link found
2001_12_SD_SEA,2001,12,2001-12-02,SD,SEA,https://www.nfl.com/games/chargers-at-seahawks-2001-reg-12,no gamebook pdf link found
2001_12_TB_CIN,2001,12,2001-12-02,TB,CIN,https://www.nfl.com/games/buccaneers-at-bengals-2001-reg-12,no gamebook pdf link found
2001_12_TEN_CLE,2001,12,2001-12-02,TEN,CLE,https://www.nfl.com/games/titans-at-browns-2001-reg-12,no gamebook pdf link found
2001_13_CAR_BUF,2001,13,2001-12-09,CAR,BUF,https://www.nfl.com/games/panthers-at-bills-2001-reg-13,no gamebook pdf link found
2001_13_CHI_GB,2001,13,2001-12-09,CHI,GB,https://www.nfl.com/games/bears-at-packers-2001-reg-13,no gamebook pdf link found
2001_13_CLE_NE,2001,13,2001-12-09,CLE,NE,https://www.nfl.com/games/browns-at-patriots-2001-reg-13,no gamebook pdf link found
2001_13_DET_TB,2001,13,2001-12-09,DET,TB,https://www.nfl.com/games/lions-at-buccaneers-2001-reg-13,no gamebook pdf link found
2001_13_IND_MIA,2001,13,2001-12-10,IND,MIA,https://www.nfl.com/games/colts-at-dolphins-2001-reg-13,no gamebook pdf link found
2001_13_JAX_CIN,2001,13,2001-12-09,JAX,CIN,https://www.nfl.com/games/jaguars-at-bengals-2001-reg-13,no gamebook pdf link found
2001_13_KC_OAK,2001,13,2001-12-09,KC,OAK,https://www.nfl.com/games/chiefs-at-raiders-2001-reg-13,no gamebook pdf link found
2001_13_NO_ATL,2001,13,2001-12-09,NO,ATL,https://www.nfl.com/games/saints-at-falcons-2001-reg-13,no gamebook pdf link found
2001_13_NYG_DAL,2001,13,2001-12-09,NYG,DAL,https://www.nfl.com/games/giants-at-cowboys-2001-reg-13,no gamebook pdf link found
2001_13_SF_STL,2001,13,2001-12-09,SF,STL,https://www.nfl.com/games/49ers-at-rams-2001-reg-13,no gamebook pdf link found
2001_13_WAS_ARI,2001,13,2001-12-09,WAS,ARI,https://www.nfl.com/games/redskins-at-cardinals-2001-reg-13,no gamebook pdf link found
2001_14_ARI_NYG,2001,14,2001-12-15,ARI,NYG,https://www.nfl.com/games/cardinals-at-giants-2001-reg-14,no gamebook pdf link found
2001_14_ATL_IND,2001,14,2001-12-16,ATL,IND,https://www.nfl.com/games/falcons-at-colts-2001-reg-14,no gamebook pdf link found
2001_14_CIN_NYJ,2001,14,2001-12-16,CIN,NYJ,https://www.nfl.com/games/bengals-at-jets-2001-reg-14,no gamebook pdf link found
2001_14_DEN_KC,2001,14,2001-12-16,DEN,KC,https://www.nfl.com/games/broncos-at-chiefs-2001-reg-14,no gamebook pdf link found
2001_14_JAX_CLE,2001,14,2001-12-16,JAX,CLE,https://www.nfl.com/games/jaguars-at-browns-2001-reg-14,no gamebook pdf link found
2001_14_MIA_SF,2001,14,2001-12-16,MIA,SF,https://www.nfl.com/games/dolphins-at-49ers-2001-reg-14,no gamebook pdf link found
2001_14_MIN_DET,2001,14,2001-12-16,MIN,DET,https://www.nfl.com/games/vikings-at-lions-2001-reg-14,no gamebook pdf link found
2001_14_NE_BUF,2001,14,2001-12-16,NE,BUF,https://www.nfl.com/games/patriots-at-bills-2001-reg-14,no gamebook pdf link found
2001_14_PHI_WAS,2001,14,2001-12-16,PHI,WAS,https://www.nfl.com/games/eagles-at-redskins-2001-reg-14,no gamebook pdf link found
2001_14_PIT_BAL,2001,14,2001-12-16,PIT,BAL,https://www.nfl.com/games/steelers-at-ravens-2001-reg-14,no gamebook pdf link found
2001_14_TB_CHI,2001,14,2001-12-16,TB,CHI,https://www.nfl.com/games/buccaneers-at-bears-2001-reg-14,no gamebook pdf link found
2001_15_BUF_ATL,2001,15,2001-12-23,BUF,ATL,https://www.nfl.com/games/bills-at-falcons-2001-reg-15,no gamebook pdf link found
2001_15_DET_PIT,2001,15,2001-12-23,DET,PIT,https://www.nfl.com/games/lions-at-steelers-2001-reg-15,no gamebook pdf link found
2001_15_MIA_NE,2001,15,2001-12-22,MIA,NE,https://www.nfl.com/games/dolphins-at-patriots-2001-reg-15,no gamebook pdf link found
2001_15_PHI_SF,2001,15,2001-12-22,PHI,SF,https://www.nfl.com/games/eagles-at-49ers-2001-reg-15,no gamebook pdf link found
2001_15_SD_KC,2001,15,2001-12-23,SD,KC,https://www.nfl.com/games/chargers-at-chiefs-2001-reg-15,no gamebook pdf link found
2001_15_SEA_NYG,2001,15,2001-12-23,SEA,NYG,https://www.nfl.com/games/seahawks-at-giants-2001-reg-15,no gamebook pdf link found
2001_15_STL_CAR,2001,15,2001-12-23,STL,CAR,https://www.nfl.com/games/rams-at-panthers-2001-reg-15,no gamebook pdf link found
2001_15_TEN_OAK,2001,15,2001-12-22,TEN,OAK,https://www.nfl.com/games/titans-at-raiders-2001-reg-15,no gamebook pdf link found
2001_16_ARI_CAR,2001,16,2001-12-30,ARI,CAR,https://www.nfl.com/games/cardinals-at-panthers-2001-reg-16,no gamebook pdf link found
2001_16_ATL_MIA,2001,16,2001-12-30,ATL,MIA,https://www.nfl.com/games/falcons-at-dolphins-2001-reg-16,no gamebook pdf link found
2001_16_CLE_TEN,2001,16,2001-12-30,CLE,TEN,https://www.nfl.com/games/browns-at-titans-2001-reg-16,no gamebook pdf link found
2001_16_IND_STL,2001,16,2001-12-30,IND,STL,https://www.nfl.com/games/colts-at-rams-2001-reg-16,no gamebook pdf link found
2001_16_KC_JAX,2001,16,2001-12-30,KC,JAX,https://www.nfl.com/games/chiefs-at-jaguars-2001-reg-16,no gamebook pdf link found
2001_16_NYG_PHI,2001,16,2001-12-30,NYG,PHI,https://www.nfl.com/games/giants-at-eagles-2001-reg-16,no gamebook pdf link found
2001_16_PIT_CIN,2001,16,2001-12-30,PIT,CIN,https://www.nfl.com/games/steelers-at-bengals-2001-reg-16,no gamebook pdf link found
2001_16_WAS_NO,2001,16,2001-12-30,WAS,NO,https://www.nfl.com/games/redskins-at-saints-2001-reg-16,no gamebook pdf link found
2001_17_ATL_STL,2001,17,2002-01-06,ATL,STL,https://www.nfl.com/games/falcons-at-rams-2001-reg-17,no gamebook pdf link found
2001_17_BUF_MIA,2001,17,2002-01-06,BUF,MIA,https://www.nfl.com/games/bills-at-dolphins-2001-reg-17,no gamebook pdf link found
2001_17_DAL_DET,2001,17,2002-01-06,DAL,DET,https://www.nfl.com/games/cowboys-at-lions-2001-reg-17,no gamebook pdf link found
2001_17_DEN_IND,2001,17,2002-01-06,DEN,IND,https://www.nfl.com/games/broncos-at-colts-2001-reg-17,no gamebook pdf link found
2001_17_JAX_CHI,2001,17,2002-01-06,JAX,CHI,https://www.nfl.com/games/jaguars-at-bears-2001-reg-17,no gamebook pdf link found
2001_17_NE_CAR,2001,17,2002-01-06,NE,CAR,https://www.nfl.com/games/patriots-at-panthers-2001-reg-17,no gamebook pdf link found
2001_17_NYJ_OAK,2001,17,2002-01-06,NYJ,OAK,https://www.nfl.com/games/jets-at-raiders-2001-reg-17,no gamebook pdf link found
2001_17_SF_NO,2001,17,2002-01-06,SF,NO,https://www.nfl.com/games/49ers-at-saints-2001-reg-17,no gamebook pdf link found
2002_05_GB_CHI,2002,5,2002-10-07,GB,CHI,https://www.nfl.com/games/packers-at-bears-2002-reg-5,no gamebook pdf link found
2005_15_KC_NYG,2005,15,2005-12-17,KC,NYG,https://www.nfl.com/games/chiefs-at-giants-2005-reg-15,no gamebook pdf link found
